mini_max.py,Victory
mini_max.py,Repeat
mini_max.py,Repeat
mini_max.py,Victory
mini_max.py,Repeat
mini_max.py,Victory
homework2.py,Victory
mini_max.py,Repeat
mini_max.py,Victory
mini_max.py,Repeat
mini_max.py,Repeat
mini_max.py,Repeat
mini_max.py,Victory
mini_max.py,Victory
mini_max.py,Victory
homework2.py,Victory
mini_max.py,Repeat
mini_max.py,Repeat
mini_max.py,Repeat
mini_max.py,Repeat
mini_max.py,Victory
mini_max.py,Repeat
mini_max.py,Victory
mini_max.py,Repeat
mini_max.py,Repeat
homework2.py,Victory
mini_max.py,Repeat
mini_max.py,Repeat
mini_max.py,Repeat
mini_max.py,Repeat
mini_max.py,Repeat
homework2.py,Victory
mini_max.py,Victory
mini_max.py,Victory
mini_max.py,Victory
mini_max.py,Victory
mini_max.py,Repeat
mini_max.py,Victory
homework2.py,Victory
homework2.py,Victory
mini_max.py,Repeat
mini_max.py,Repeat
mini_max.py,Repeat
mini_max.py,Victory
mini_max.py,Victory
mini_max.py,Victory
mini_max.py,Victory
mini_max.py,Repeat
mini_max.py,Repeat
mini_max.py,Repeat
mini_max.py,Repeat
mini_max.py,Victory
mini_max.py,Victory
mini_max.py,Victory
mini_max.py,Victory
mini_max.py,Victory
mini_max.py,Victory
mini_max.py,Victory
mini_max.py,Victory
mini_max.py,Victory
mini_max.py,Victory
mini_max.py,Victory
mini_max.py,Victory
mini_max.py,Victory
mini_max.py,Victory
mini_max.py,Victory
mini_max.py,Victory
mini_max.py,Victory
mini_max.py,Victory
mini_max.py,Victory
mini_max.py,Victory
mini_max.py,Victory
mini_max.py,Victory
mini_max.py,Victory
mini_max.py,Victory
mini_max.py,Victory
mini_max.py,Victory
mini_max.py,Victory
mini_max.py,Repeat
mini_max.py,Victory
mini_max.py,Victory
mini_max.py,Victory
mini_max.py,Repeat
mini_max.py,Victory
mini_max.py,Repeat
mini_max.py,Victory
mini_max.py,Victory
homework2.py,Victory
mini_max.py,Repeat
homework2.py,Victory
mini_max.py,Repeat
mini_max.py,Repeat
mini_max.py,Victory
mini_max.py,Repeat
mini_max.py,Repeat
mini_max.py,Victory
mini_max.py,Repeat
homework2.py,Victory
mini_max.py,Victory
homework2.py,Victory
mini_max.py,Repeat
mini_max.py,Victory
mini_max.py,Repeat
mini_max.py,Repeat
mini_max.py,Victory
mini_max.py,Repeat
mini_max.py,Victory
mini_max.py,Victory
mini_max.py,Repeat
mini_max.py,Victory
mini_max.py,Repeat
mini_max.py,Victory
mini_max.py,Victory
mini_max.py,Victory
mini_max.py,Victory
mini_max.py,Victory
mini_max.py,Victory
mini_max.py,Victory
mini_max.py,Victory
mini_max.py,Repeat
mini_max.py,Repeat
mini_max.py,Victory
mini_max.py,Repeat
mini_max.py,Repeat
mini_max.py,Victory
mini_max.py,Victory
mini_max.py,Repeat
mini_max.py,Repeat
mini_max.py,Victory
mini_max.py,Victory
mini_max.py,Victory
mini_max.py,Repeat
homework2.py,Victory
mini_max.py,Repeat
mini_max.py,Repeat
mini_max.py,Repeat
mini_max.py,Repeat
mini_max.py,Timeout
mini_max.py,Victory
mini_max.py,Victory
mini_max.py,Repeat
mini_max.py,Victory
mini_max.py,Victory
mini_max.py,Victory
mini_max.py,Victory
mini_max.py,Victory
mini_max.py,Repeat
mini_max.py,Victory
mini_max.py,Victory
homework.py,Victory
mini_max.py,Victory
mini_max.py,Victory
mini_max.py,Victory
mini_max.py,Repeat
mini_max.py,Victory
homework.py,Victory
mini_max.py,Repeat
mini_max.py,Victory
mini_max.py,Victory
mini_max.py,Repeat
mini_max.py,Victory
mini_max.py,Victory
mini_max.py,Victory
mini_max.py,Repeat
mini_max.py,Victory
mini_max.py,Repeat
mini_max.py,Repeat
mini_max.py,Repeat
mini_max.py,Victory
mini_max.py,Victory
mini_max.py,Victory
mini_max.py,Victory
mini_max.py,Repeat
mini_max.py,Victory
