mini_max.py,Repeat
mini_max.py,Repeat
mini_max.py,Victory
mini_max.py,Victory
mini_max.py,Victory
mini_max.py,Victory
homework.py,Victory
mini_max.py,Repeat
mini_max.py,Victory
mini_max.py,Victory
mini_max.py,Victory
mini_max.py,Victory
mini_max.py,Victory
mini_max.py,Repeat
homework.py,Victory
mini_max.py,Victory
mini_max.py,Repeat
mini_max.py,Repeat
mini_max.py,Victory
mini_max.py,Repeat
mini_max.py,Repeat
homework.py,Victory
mini_max.py,Repeat
mini_max.py,Repeat
mini_max.py,Repeat
mini_max.py,Repeat
mini_max.py,Victory
mini_max.py,Victory
mini_max.py,Victory
Mhomework.py,Repeat
Mhomework.py,Repeat
Mhomework.py,Repeat
Mhomework.py,Repeat
Mhomework.py,Repeat
Mhomework.py,Repeat
Mhomework.py,Repeat
Mhomework.py,Repeat
homework.py,Repeat
Mhomework.py,Repeat
Mhomework.py,Victory
Mhomework.py,Repeat
Mhomework.py,Repeat
Mhomework.py,Repeat
Mhomework.py,Repeat
Mhomework.py,Repeat
Mhomework.py,Repeat
Mhomework.py,Repeat
Mhomework.py,Repeat
Mhomework.py,Repeat
Mhomework.py,Repeat
Mhomework.py,Repeat
